filename,label,split
airport_terminal/sun_abowopwkeklyxpeh.jpg,1,train
airport_terminal/sun_aciofoesudrskhdm.jpg,1,train
airport_terminal/sun_aatrbduljuukjgin.jpg,1,train
airport_terminal/sun_aaqzpndrsppatraq.jpg,1,train
airport_terminal/sun_abyrgnyzubnotvqk.jpg,1,train
airport_terminal/sun_acgvxceyxzstysmp.jpg,1,train
airport_terminal/sun_aavymrhdgoteflqg.jpg,1,train
airport_terminal/sun_abgffseignogewhn.jpg,1,train
airport_terminal/sun_abrzeqlizmujuehq.jpg,1,train
airport_terminal/sun_aajluizjalpcfwkf.jpg,1,train
airport_terminal/sun_acjdmcsjtmohdfrg.jpg,1,train
airport_terminal/sun_acaaequjlkxyfuln.jpg,1,train
airport_terminal/sun_abhexcbqmkvbbypz.jpg,1,train
airport_terminal/sun_abswtzyespjnvfyq.jpg,1,train
airport_terminal/sun_aaphkzwyhkodgwey.jpg,1,train
airport_terminal/sun_acbjqvjnhkuceblz.jpg,1,train
airport_terminal/sun_abhtrmxbdvdyqfgp.jpg,1,train
airport_terminal/sun_aahturwqtragijak.jpg,1,train
airport_terminal/sun_aavplyaelfrildvy.jpg,1,train
airport_terminal/sun_aaamusgkshwbqpup.jpg,1,train
airport_terminal/sun_aaygeymcwaxukrif.jpg,1,train
airport_terminal/sun_abqxvjeothvtlnez.jpg,1,train
airport_terminal/sun_abtporqtsiggyltk.jpg,1,train
airport_terminal/sun_aawauaokhnlxbjfe.jpg,1,train
airport_terminal/sun_acepzfrmtkiqonpy.jpg,1,train
airport_terminal/sun_aamdtqvmzkmjgivi.jpg,1,train
airport_terminal/sun_acayopaonuntzxio.jpg,1,train
airport_terminal/sun_abozsykcfwpbtpkw.jpg,1,train
airport_terminal/sun_aadxhtzomdossgmo.jpg,1,train
airport_terminal/sun_abgvyilmwrmwmbpm.jpg,1,train
airport_terminal/sun_aammhtthmkjntkqh.jpg,1,train
airport_terminal/sun_ablypbgsyikralpx.jpg,1,train
airport_terminal/sun_aaimznqjzdhslwzw.jpg,1,train
airport_terminal/sun_aaotjvucbfgmtzjj.jpg,1,train
airport_terminal/sun_aabjtppsnozdurdt.jpg,1,train
airport_terminal/sun_acjjkmdjdleiggnt.jpg,1,train
airport_terminal/sun_aaoizrfijvhpnnjn.jpg,1,train
airport_terminal/sun_aamidmlrrdfdnbgl.jpg,1,train
airport_terminal/sun_abybbnzbluvekxkp.jpg,1,train
airport_terminal/sun_aaajuldidvlcyzhv.jpg,1,train
airport_terminal/sun_aaxiwbgildnvryle.jpg,1,train
airport_terminal/sun_abrwbbjebiwpknjd.jpg,1,train
airport_terminal/sun_abzwtvvxrkyurylm.jpg,1,train
airport_terminal/sun_aazjphdaehdtvnxc.jpg,1,train
airport_terminal/sun_abzhvwnqzjvrgadn.jpg,1,train
airport_terminal/sun_aamqqnkootdrwhtm.jpg,1,train
airport_terminal/sun_abjcsyhoklxwyjwb.jpg,1,train
airport_terminal/sun_absaslsuagcuavbe.jpg,1,train
airport_terminal/sun_absuvxrxwqknadoz.jpg,1,train
airport_terminal/sun_abkxokzuypgosoks.jpg,1,train
airport_terminal/sun_aaenwecffknbumjq.jpg,1,train
airport_terminal/sun_abooawkfldpzcpzx.jpg,1,train
airport_terminal/sun_aarjxwdguluuhwzu.jpg,1,train
airport_terminal/sun_acdyiakzgargotey.jpg,1,train
airport_terminal/sun_absocoelsihaofzb.jpg,1,train
airport_terminal/sun_acjrmeanjoyocftb.jpg,1,train
airport_terminal/sun_aagjvjynskmonnbv.jpg,1,train
airport_terminal/sun_abyuyjoamfjjntxa.jpg,1,train
airport_terminal/sun_aaexxvgfjlpjzipd.jpg,1,train
airport_terminal/sun_acfnqloxbeuqdqcu.jpg,1,train
airport_terminal/sun_abjlidwozgfnlpvk.jpg,1,train
airport_terminal/sun_aajsfnjsaqdunpdp.jpg,1,train
airport_terminal/sun_acfowijuncibjsqd.jpg,1,train
airport_terminal/sun_aapyhvdueagtxhar.jpg,1,train
airport_terminal/sun_abmqsjsnedqdueoq.jpg,1,train
airport_terminal/sun_aajhifxmbsqyrhub.jpg,1,train
airport_terminal/sun_aaloiwdypreqzwnn.jpg,1,train
airport_terminal/sun_abvxyhjikeewumzk.jpg,1,train
airport_terminal/sun_aafvrsnoikyyntky.jpg,1,train
airport_terminal/sun_abzgvdungkelliyg.jpg,1,train
airport_terminal/sun_aakfuavvsttvpcnn.jpg,1,train
airport_terminal/sun_acgxzrlwjgdzipip.jpg,1,train
airport_terminal/sun_aaenfvramdeejlvx.jpg,1,train
airport_terminal/sun_abxrfrucnptodioj.jpg,1,train
airport_terminal/sun_abrlnvzmqklirrnl.jpg,1,train
airport_terminal/sun_aatgmgaqkkfusbwk.jpg,1,train
airport_terminal/sun_abhgxjqmsyeptisq.jpg,1,train
airport_terminal/sun_aakrykgxfqjyunvq.jpg,1,train
airport_terminal/sun_abfqgeggtdlpvwsw.jpg,1,train
airport_terminal/sun_abmbrscpxylzvkwp.jpg,1,train
airport_terminal/sun_abrsyyvweiuaazfr.jpg,1,train
airport_terminal/sun_aagxvvehtppxnuuq.jpg,1,train
airport_terminal/sun_achlolfjckbzegcy.jpg,1,train
airport_terminal/sun_abwrdqfxzoglakox.jpg,1,train
airport_terminal/sun_aahzjzgqsstcdpnq.jpg,1,train
airport_terminal/sun_aakxnpskhzxdxqyl.jpg,1,train
airport_terminal/sun_abhavxyiuqqdxvgd.jpg,1,train
airport_terminal/sun_abgbpmwfryvppmrk.jpg,1,train
airport_terminal/sun_abpiybxizgawpmky.jpg,1,train
airport_terminal/sun_aagtxshufoirsosx.jpg,1,train
airport_terminal/sun_acitodwbiahfucfc.jpg,1,train
airport_terminal/sun_aabjklebypyozeaw.jpg,1,train
airport_terminal/sun_abftfwehzkyzhxvr.jpg,1,train
airport_terminal/sun_abwwqqjbiyvmzffd.jpg,1,train
airport_terminal/sun_aaxteygyigqyqzum.jpg,1,train
airport_terminal/sun_aalbwvmqgrgwlxxx.jpg,1,train
airport_terminal/sun_aaqbkyausamgpqrj.jpg,1,train
airport_terminal/sun_abhqaesnfxfjejta.jpg,1,train
airport_terminal/sun_aabkzjntjfarengi.jpg,1,train
airport_terminal/sun_abfomhxioblrbola.jpg,1,train
test_airport_terminal/sun_adcllvxqufrsturd.jpg,1,test
test_airport_terminal/sun_acnkuxrpnwjpbtkf.jpg,1,test
test_airport_terminal/sun_acklfjjyqbayxbll.jpg,1,test
test_airport_terminal/sun_acnbnajpyairiiuf.jpg,1,test
test_airport_terminal/sun_adhdbjtrynqigyen.jpg,1,test
test_airport_terminal/sun_adbmrbyhsdystkhh.jpg,1,test
test_airport_terminal/sun_acpuwvhrdqhykpsh.jpg,1,test
test_airport_terminal/sun_adidcpmxeciffbzf.jpg,1,test
test_airport_terminal/sun_addggdwpymsbbyak.jpg,1,test
test_airport_terminal/sun_aczmttmlupliisro.jpg,1,test
test_airport_terminal/sun_adikgajohahqgeuv.jpg,1,test
test_airport_terminal/sun_acnjguohcnitcnrt.jpg,1,test
test_airport_terminal/sun_acyurcvzexpfrsyb.jpg,1,test
test_airport_terminal/sun_acvqmmojrymphqxu.jpg,1,test
test_airport_terminal/sun_aczlojbaylsyagmo.jpg,1,test
test_airport_terminal/sun_acqubrltjfxcogsq.jpg,1,test
test_airport_terminal/sun_actnsdjpqgtzjwcw.jpg,1,test
test_airport_terminal/sun_acrhuxarsletekwx.jpg,1,test
test_airport_terminal/sun_adbmjeuanhhqlqkh.jpg,1,test
test_airport_terminal/sun_acvbpoxfhwxbwxxr.jpg,1,test
test_airport_terminal/sun_acqljmghcxodmmlk.jpg,1,test
test_airport_terminal/sun_acpjfokxijlcndqy.jpg,1,test
test_airport_terminal/sun_adiiwobvrdhntvfx.jpg,1,test
test_airport_terminal/sun_acsfuivwqxpbsugk.jpg,1,test
test_airport_terminal/sun_acpxjhfbxfstfrtj.jpg,1,test
test_airport_terminal/sun_acyesrkugfuwhvni.jpg,1,test
test_airport_terminal/sun_adgqcvptqzzsdvty.jpg,1,test
test_airport_terminal/sun_acoxbwmivyqznxov.jpg,1,test
test_airport_terminal/sun_acnlhsonbxhrbiac.jpg,1,test
test_airport_terminal/sun_adgdwcyvmegvkhww.jpg,1,test
test_airport_terminal/sun_acmkgxudeaydppuw.jpg,1,test
test_airport_terminal/sun_adhwnfvixomccvxm.jpg,1,test
test_airport_terminal/sun_adikkzetyocbqfti.jpg,1,test
test_airport_terminal/sun_actpgbqbdumbrbuq.jpg,1,test
test_airport_terminal/sun_adjfettzrvebmjqu.jpg,1,test
test_airport_terminal/sun_adaaoydcrfgexlle.jpg,1,test
test_airport_terminal/sun_adbdknfmtkvlxcxq.jpg,1,test
test_airport_terminal/sun_adaltaqflaqnwbgi.jpg,1,test
test_airport_terminal/sun_adipfjvazvhomkai.jpg,1,test
test_airport_terminal/sun_actjmoccocdxgwan.jpg,1,test
test_airport_terminal/sun_acrlvfrnmhybinze.jpg,1,test
test_airport_terminal/sun_acuxhoahxppwvdbw.jpg,1,test
test_airport_terminal/sun_acydkjhptgkxbybt.jpg,1,test
test_airport_terminal/sun_acxctmykfrvvhblz.jpg,1,test
test_airport_terminal/sun_acmwsqzwbetatsiz.jpg,1,test
test_airport_terminal/sun_acrejoconpehuldh.jpg,1,test
test_airport_terminal/sun_adewfyjawwomcjnz.jpg,1,test
test_airport_terminal/sun_actdklfiyesgvutt.jpg,1,test
test_airport_terminal/sun_adfjgpniflblqeyl.jpg,1,test
test_airport_terminal/sun_acnnnmofkferpazg.jpg,1,test
campus/sun_aqvpthvhlcdrhemi.jpg,2,train
campus/sun_bdlynbahsepbpqpg.jpg,2,train
campus/sun_akhxgevbpptjziry.jpg,2,train
campus/sun_ahjkmpfqmcvxjhxt.jpg,2,train
campus/sun_bjuqhlzlabejgodd.jpg,2,train
campus/sun_acpuolekcahzmmbz.jpg,2,train
campus/sun_aciggnzupbzygsaw.jpg,2,train
campus/sun_bqeqcysqtvxgmkas.jpg,2,train
campus/sun_aczmgnjjiykpqyts.jpg,2,train
campus/sun_aqexnwunchjvqias.jpg,2,train
campus/sun_aimaulxyvrqklupo.jpg,2,train
campus/sun_bbhwlincutpdegwq.jpg,2,train
campus/sun_aljezmgpvtoxdhoh.jpg,2,train
campus/sun_alkxhzhipejpgmog.jpg,2,train
campus/sun_bbwlgfnxaocrxula.jpg,2,train
campus/sun_akpqeraeeqtuyvjh.jpg,2,train
campus/sun_blymjduhjifmtvkm.jpg,2,train
campus/sun_bgwzohndhbqmykbd.jpg,2,train
campus/sun_bbljgkmngoiawipj.jpg,2,train
campus/sun_abpxvcuxhqldcvln.jpg,2,train
campus/sun_acmiuobndrlyknxn.jpg,2,train
campus/sun_bimxewnacopkhulg.jpg,2,train
campus/sun_bjrcpmcixyaldkjt.jpg,2,train
campus/sun_aqadbhkuaksovecd.jpg,2,train
campus/sun_agruqaefvrvumwod.jpg,2,train
campus/sun_awfhvsgooplyxisi.jpg,2,train
campus/sun_abwbqwhaqxskvyat.jpg,2,train
campus/sun_avvzajbehfbhnlpt.jpg,2,train
campus/sun_biywieravszupduq.jpg,2,train
campus/sun_bcdufifeiskcurcp.jpg,2,train
campus/sun_awduhxovzvlwefkj.jpg,2,train
campus/sun_akqsgafimsyqproh.jpg,2,train
campus/sun_bjsauimcbdihpivx.jpg,2,train
campus/sun_axkpwphidgrldnjy.jpg,2,train
campus/sun_bcweukrqfcnjgsxe.jpg,2,train
campus/sun_ahsxqcejwxphkyih.jpg,2,train
campus/sun_aggkercxcokysdyb.jpg,2,train
campus/sun_abslhphpiejdjmpz.jpg,2,train
campus/sun_bqdonmainqnkdcoj.jpg,2,train
campus/sun_agjdyybkyzxpqips.jpg,2,train
campus/sun_amctqydoyrijtgqy.jpg,2,train
campus/sun_axxmdoprjqnyrmpw.jpg,2,train
campus/sun_asibvlgdfxifvyot.jpg,2,train
campus/sun_bmofoswbroyzhaym.jpg,2,train
campus/sun_axkqbyzidznishmg.jpg,2,train
campus/sun_bmefxfoxobfvydqc.jpg,2,train
campus/sun_azhsrminswzzntby.jpg,2,train
campus/sun_aqfseewjcglwnzun.jpg,2,train
campus/sun_atqyakdayddmrzdi.jpg,2,train
campus/sun_amllojijrufuvrjv.jpg,2,train
campus/sun_bezorezkbythkcvf.jpg,2,train
campus/sun_bmhibxgqpclsisqm.jpg,2,train
campus/sun_bnxwcdodlytqwfek.jpg,2,train
campus/sun_bkyskjermapbpixd.jpg,2,train
campus/sun_azhizuriiuroarih.jpg,2,train
campus/sun_ayaxbfaaxoorpbif.jpg,2,train
campus/sun_bbkgilcjjgkkmwsr.jpg,2,train
campus/sun_bknyannfomiolydg.jpg,2,train
campus/sun_bitsohhdsgbpdmcq.jpg,2,train
campus/sun_bjtovcaumxopdhzf.jpg,2,train
campus/sun_bfalnlehvueqzxuf.jpg,2,train
campus/sun_apcbngoceerlbsxm.jpg,2,train
campus/sun_bkhphgyjsqnnjjfn.jpg,2,train
campus/sun_boavgfnjeofazkub.jpg,2,train
campus/sun_akgyyhdnnpenxrwv.jpg,2,train
campus/sun_asgpeszmiibaoeha.jpg,2,train
campus/sun_acfgwrhgcjrpcbru.jpg,2,train
campus/sun_bjuhfegihzlqoxzo.jpg,2,train
campus/sun_bjcholoitrjrcwpy.jpg,2,train
campus/sun_aowymmyymtohyobt.jpg,2,train
campus/sun_austizrumwipywzs.jpg,2,train
campus/sun_apxljfuvnvgjyzyv.jpg,2,train
campus/sun_bovqonvbozbjqwdx.jpg,2,train
campus/sun_adiqdyqsqarvtact.jpg,2,train
campus/sun_ayhpvcbprplqkoyt.jpg,2,train
campus/sun_axtadyexrbgtzobs.jpg,2,train
campus/sun_bhtdastwwaimhimz.jpg,2,train
campus/sun_akguesajnqnoyszx.jpg,2,train
campus/sun_ahprylpgnmgqiyuz.jpg,2,train
campus/sun_bcmeeuefszmalnzh.jpg,2,train
campus/sun_anlhyjfjqfdgfgzl.jpg,2,train
campus/sun_bqdvoqsodjnvutjz.jpg,2,train
campus/sun_auvnnqefobhtrhyj.jpg,2,train
campus/sun_albthhletanyjwjn.jpg,2,train
campus/sun_axbqmzncdjmfcgph.jpg,2,train
campus/sun_bpylwuanlniztocc.jpg,2,train
campus/sun_bcgsqwhgjskwjkpr.jpg,2,train
campus/sun_azirpzgykhrkmqzz.jpg,2,train
campus/sun_azegrnbjuxajvwpb.jpg,2,train
campus/sun_ahdehpqieqxgehgy.jpg,2,train
campus/sun_atnlfkbvpmzsqzrj.jpg,2,train
campus/sun_aovflprklfunumun.jpg,2,train
campus/sun_bkgmcjufpxuexorh.jpg,2,train
campus/sun_asewwaixkwbhlywn.jpg,2,train
campus/sun_airlwmxikdmpyjnn.jpg,2,train
campus/sun_bdoxpczzsjepdpdb.jpg,2,train
campus/sun_aprhwrjtwebfkcsp.jpg,2,train
campus/sun_alewbcnalibklcwh.jpg,2,train
campus/sun_ajrlkrwvvsenzpyt.jpg,2,train
campus/sun_auwhjyoqbveggjki.jpg,2,train
test_campus/sun_dnbouqquntzmpwoy.jpg,2,test
test_campus/sun_dqezibzjwoakdvyv.jpg,2,test
test_campus/sun_dngnzsuwcmxvutlc.jpg,2,test
test_campus/sun_difxemcoentmdiza.jpg,2,test
test_campus/sun_dfbmizxwhhtbinry.jpg,2,test
test_campus/sun_dezwpqftidfwdonk.jpg,2,test
test_campus/sun_dehqtundqdrraedj.jpg,2,test
test_campus/sun_dfpxnrtxqxvffqbu.jpg,2,test
test_campus/sun_bxcmblyevkreuvfu.jpg,2,test
test_campus/sun_byqkwwucryiwcxff.jpg,2,test
test_campus/sun_bwifiqpscxsvfgae.jpg,2,test
test_campus/sun_dewetzmoqvlslscw.jpg,2,test
test_campus/sun_btvujmyjnlixtnfb.jpg,2,test
test_campus/sun_dlujzpwewyxrmjnd.jpg,2,test
test_campus/sun_ddgptrwuingtasoh.jpg,2,test
test_campus/sun_buqdwtmwwpfhixrp.jpg,2,test
test_campus/sun_dffotuaotrtbyrrc.jpg,2,test
test_campus/sun_dfpnwxijxsvjhjyo.jpg,2,test
test_campus/sun_bxuglofqznqijzjo.jpg,2,test
test_campus/sun_dozylqbgefytptml.jpg,2,test
test_campus/sun_deopwttsjcidqiue.jpg,2,test
test_campus/sun_dpnkpgduickbnnne.jpg,2,test
test_campus/sun_bvxudslptvjsahxy.jpg,2,test
test_campus/sun_dhsjdcwerdvhzais.jpg,2,test
test_campus/sun_dbauyjukosppkyia.jpg,2,test
test_campus/sun_bxxijjjoasdqqjpj.jpg,2,test
test_campus/sun_dfawkvdqcayrtznw.jpg,2,test
test_campus/sun_datvppjsyjocrdxl.jpg,2,test
test_campus/sun_dlclspiqkwxdnhgq.jpg,2,test
test_campus/sun_dmyfiizrhnceheac.jpg,2,test
test_campus/sun_dltvhvesmsmilpam.jpg,2,test
test_campus/sun_dkgwykoaztalipgg.jpg,2,test
test_campus/sun_bvoltfrhtzpebmtr.jpg,2,test
test_campus/sun_bugunyckbqwnedtt.jpg,2,test
test_campus/sun_dafbfhztompasyyb.jpg,2,test
test_campus/sun_dexzcchmjoafkanu.jpg,2,test
test_campus/sun_dpfqryxdazffhpum.jpg,2,test
test_campus/sun_byvpksnoabumpkpg.jpg,2,test
test_campus/sun_buglpzhpmmooibek.jpg,2,test
test_campus/sun_ddunrwjbuwnvxopz.jpg,2,test
test_campus/sun_dklqwyarpggknuty.jpg,2,test
test_campus/sun_dmdmbcmegrqlcguu.jpg,2,test
test_campus/sun_byyoeixlskdvtnxu.jpg,2,test
test_campus/sun_dafrprpnvmexhfnw.jpg,2,test
test_campus/sun_bwxhozorvtzfycyk.jpg,2,test
test_campus/sun_bxuvzwraxjshfykb.jpg,2,test
test_campus/sun_bsxgeevfsmgccjry.jpg,2,test
test_campus/sun_dimmdxybcljpovoa.jpg,2,test
test_campus/sun_bxxsrlgzileujamu.jpg,2,test
test_campus/sun_bxwzzaswntmwoyml.jpg,2,test
desert/sun_abdulxymarqnjwgh.jpg,3,train
desert/sun_adjlepvuitklskrz.jpg,3,train
desert/sun_adbymuzeqfdwlerv.jpg,3,train
desert/sun_afkfpfcdesbszufn.jpg,3,train
desert/sun_aawubblscezjkcdm.jpg,3,train
desert/sun_ardyexiofouyrxkf.jpg,3,train
desert/sun_aldmefuypofwjjoo.jpg,3,train
desert/sun_aimopcdnurqckhhc.jpg,3,train
desert/sun_aggpnmjzyopfvkxd.jpg,3,train
desert/sun_anytotdzuqbvmbmr.jpg,3,train
desert/sun_adfzvpneqfqbfcnq.jpg,3,train
desert/sun_atujmqovmioxulez.jpg,3,train
desert/sun_afuxirllmprcryph.jpg,3,train
desert/sun_atyasoydrjavyfux.jpg,3,train
desert/sun_aruxylkoftkjlvjg.jpg,3,train
desert/sun_aplbvhcpjbtckekp.jpg,3,train
desert/sun_ajrputhzcjawjvzm.jpg,3,train
desert/sun_aghgnaxbqsiwukrq.jpg,3,train
desert/sun_aqsnnhncfmigomum.jpg,3,train
desert/sun_afnezlyrmmdropae.jpg,3,train
desert/sun_ankilqlmrmqqydbj.jpg,3,train
desert/sun_avznrdbkptmkhoco.jpg,3,train
desert/sun_avmxdpydhkugmnzh.jpg,3,train
desert/sun_afdglfvfgxhjtaky.jpg,3,train
desert/sun_aeepoeftnvbdasao.jpg,3,train
desert/sun_alqpyumrudgnzdxz.jpg,3,train
desert/sun_affqedumnyoalmru.jpg,3,train
desert/sun_aqtrdbwzoihtedvn.jpg,3,train
desert/sun_arlburkmohfvhzgb.jpg,3,train
desert/sun_aijjkofxcvbaoewh.jpg,3,train
desert/sun_aitgdfoepkcgqpkg.jpg,3,train
desert/sun_avawcmcabmaoywsj.jpg,3,train
desert/sun_aqyniglpvhrfleus.jpg,3,train
desert/sun_anwxnotrvtmgnmwe.jpg,3,train
desert/sun_aqqdmfnqycjyhvuq.jpg,3,train
desert/sun_ajqkymqgzhkwrpte.jpg,3,train
desert/sun_aunhgmnpufkumadi.jpg,3,train
desert/sun_advllqdtdaefsajw.jpg,3,train
desert/sun_aktzsxvbhnvkiool.jpg,3,train
desert/sun_aprbfrnyshtjnlst.jpg,3,train
desert/sun_asilqxmlzlaecfxi.jpg,3,train
desert/sun_adpbjcrpyetqykvt.jpg,3,train
desert/sun_avtmqreqkvhyoead.jpg,3,train
desert/sun_araekngcmtgdmvov.jpg,3,train
desert/sun_akvwwvuzoytbjnux.jpg,3,train
desert/sun_alhltgghdiaumaoh.jpg,3,train
desert/sun_aaqyzvrweabdxjzo.jpg,3,train
desert/sun_afpgphrzsbeqlsrv.jpg,3,train
desert/sun_arozwnyttgywehlx.jpg,3,train
desert/sun_aawnvdsxsoudsdwo.jpg,3,train
desert/sun_aigxgjoofoaxhxor.jpg,3,train
desert/sun_aukforegiekvfmtd.jpg,3,train
desert/sun_amizpazzogtrkgul.jpg,3,train
desert/sun_aqtstmhxxgspchdn.jpg,3,train
desert/sun_afstsgrfidnplnaj.jpg,3,train
desert/sun_amsybsmiasfhjejn.jpg,3,train
desert/sun_asuqwlaatodflfbo.jpg,3,train
desert/sun_aujybsndkefrqulc.jpg,3,train
desert/sun_afirahbsfbhjovyq.jpg,3,train
desert/sun_apnbarkqgyxuhkbo.jpg,3,train
desert/sun_aunvtbbjoliwzisa.jpg,3,train
desert/sun_atdkpuhnmiklbvzf.jpg,3,train
desert/sun_agcspevbadbydrhg.jpg,3,train
desert/sun_akdmpkixtkbhhkbr.jpg,3,train
desert/sun_ajxwosatmpeqzzvv.jpg,3,train
desert/sun_argapbxamkdubgcw.jpg,3,train
desert/sun_acrqldhmwdraspza.jpg,3,train
desert/sun_aiatoxvclffgxjts.jpg,3,train
desert/sun_agdsdzkbpjwsdvzg.jpg,3,train
desert/sun_aloizwznuhnkgfby.jpg,3,train
desert/sun_atuqtilisvvhpouh.jpg,3,train
desert/sun_augiwpnmzxrwivst.jpg,3,train
desert/sun_atfudzdjdouzqtgp.jpg,3,train
desert/sun_acxdijcmkawhkhob.jpg,3,train
desert/sun_aplsdaaomiddmllj.jpg,3,train
desert/sun_atuqhiqziwvmjkwu.jpg,3,train
desert/sun_aulxyypluyhkhvjw.jpg,3,train
desert/sun_anpufnjkjvjhaaza.jpg,3,train
desert/sun_apmfmzadmosuogaz.jpg,3,train
desert/sun_aahvhfbgsatvtmax.jpg,3,train
desert/sun_aubbswdpneimwuqr.jpg,3,train
desert/sun_airvjjkruobbrzse.jpg,3,train
desert/sun_ajaenqfbsotsjqtn.jpg,3,train
desert/sun_asxxlgfchcyhhjgr.jpg,3,train
desert/sun_afdulyhfatjjtvyj.jpg,3,train
desert/sun_acztaebqvjaggqyh.jpg,3,train
desert/sun_ajdhxnnkvvaccvlp.jpg,3,train
desert/sun_aqfvjhyfqgvkdkhp.jpg,3,train
desert/sun_amgftsuiqujmqged.jpg,3,train
desert/sun_aeaqfuuzsgzdsjse.jpg,3,train
desert/sun_akwybalthkwcfjub.jpg,3,train
desert/sun_aiflwwnfratbiiwl.jpg,3,train
desert/sun_awfhxzxcqoyqeyoo.jpg,3,train
desert/sun_afferxhafrjnpuri.jpg,3,train
desert/sun_akazfzngvdzqeejn.jpg,3,train
desert/sun_attnzqxgqbefzeea.jpg,3,train
desert/sun_ajpunlbvbjnwwoxn.jpg,3,train
desert/sun_aafqfjpechscyidz.jpg,3,train
desert/sun_acqlitnnratfsrsk.jpg,3,train
desert/sun_anyaicywpotvwnac.jpg,3,train
test_desert/sun_azscfgaydhrrwvvg.jpg,3,test
test_desert/sun_awhsntyjdsqbntyr.jpg,3,test
test_desert/sun_bapfaivxqoynnwwp.jpg,3,test
test_desert/sun_bbeflrjmtedyixpv.jpg,3,test
test_desert/sun_baworjhprekraztl.jpg,3,test
test_desert/sun_bbqacusxjthihjvd.jpg,3,test
test_desert/sun_azppblnjspofqrra.jpg,3,test
test_desert/sun_bcpfpggrdtmdbzil.jpg,3,test
test_desert/sun_baxfxfiinqkbfwfh.jpg,3,test
test_desert/sun_bddyhksqlbblwwbs.jpg,3,test
test_desert/sun_bazkizgrndwrkuak.jpg,3,test
test_desert/sun_awwfkbrvfgrhwznp.jpg,3,test
test_desert/sun_azyuswffzmrxbixb.jpg,3,test
test_desert/sun_azskkbpdayjlqhjm.jpg,3,test
test_desert/sun_bcorncjicjbueeqd.jpg,3,test
test_desert/sun_bbecprdjqdlnqovb.jpg,3,test
test_desert/sun_ayyysrlyzcgxgato.jpg,3,test
test_desert/sun_bblpdgabxhhyyyvh.jpg,3,test
test_desert/sun_axsdsngxeawmredh.jpg,3,test
test_desert/sun_bbolbdfgrmdytwya.jpg,3,test
test_desert/sun_banptmsknhirrzed.jpg,3,test
test_desert/sun_bcddtswwlttmmiux.jpg,3,test
test_desert/sun_aypzejealkrzrqxx.jpg,3,test
test_desert/sun_bbcfpwlpolnutyju.jpg,3,test
test_desert/sun_ayubexppztwyduyt.jpg,3,test
test_desert/sun_baiqcjaunzuqiswb.jpg,3,test
test_desert/sun_awxkhuiocmlgcisy.jpg,3,test
test_desert/sun_azdrvmfocqfyvguo.jpg,3,test
test_desert/sun_bcdnmkvufmvbkiqd.jpg,3,test
test_desert/sun_azmrixjtdcdyusgh.jpg,3,test
test_desert/sun_azaffdkhkudhguwj.jpg,3,test
test_desert/sun_aymovaimiwqnungg.jpg,3,test
test_desert/sun_bcmcbzzondnvepgv.jpg,3,test
test_desert/sun_bafdzvbhfiihiabj.jpg,3,test
test_desert/sun_bdcttfhebcktjrep.jpg,3,test
test_desert/sun_bbfdlqmctfdclvdq.jpg,3,test
test_desert/sun_bafqfjpechscyidz.jpg,3,test
test_desert/sun_axftaijddzvbjaik.jpg,3,test
test_desert/sun_bcmhdbzhuexunnaq.jpg,3,test
test_desert/sun_aznorsgmktjmhxwi.jpg,3,test
test_desert/sun_bdavrxdxeqzinnrs.jpg,3,test
test_desert/sun_axdcfmyrcprgbzuq.jpg,3,test
test_desert/sun_bbeyoadksqprjkbu.jpg,3,test
test_desert/sun_awvhktybhzdfbkob.jpg,3,test
test_desert/sun_axjxedpymqjckfbv.jpg,3,test
test_desert/sun_bcrwdtmondimmwrt.jpg,3,test
test_desert/sun_bcqlrrjyxxvqdvdb.jpg,3,test
test_desert/sun_azyhnyttxejyxrpi.jpg,3,test
test_desert/sun_axnrcihhrnmogphy.jpg,3,test
test_desert/sun_banypouestzeimab.jpg,3,test
elevator/sun_aiimgydrhbkpivnz.jpg,4,train
elevator/sun_agxkotjrrbksldzt.jpg,4,train
elevator/sun_ajmloohpocdanpgb.jpg,4,train
elevator/sun_agahwoovewlukywf.jpg,4,train
elevator/sun_akdspyuwyktaokaq.jpg,4,train
elevator/sun_agikpdabykipikya.jpg,4,train
elevator/sun_afpeigkptwhtqalb.jpg,4,train
elevator/sun_alkdknallplzocfb.jpg,4,train
elevator/sun_agkedhsgzyptkdkv.jpg,4,train
elevator/sun_arzvdfflgilipaen.jpg,4,train
elevator/sun_aidoqphlirectqnu.jpg,4,train
elevator/sun_aqjzgmttjagpamzt.jpg,4,train
elevator/sun_aebnzscpgoyfbpde.jpg,4,train
elevator/sun_asouwrzdurvdkobr.jpg,4,train
elevator/sun_amcqabmpidmiifhg.jpg,4,train
elevator/sun_acnpvgukascgcyer.jpg,4,train
elevator/sun_aawrjqafulxrofql.jpg,4,train
elevator/sun_afajkbqxxbdknukv.jpg,4,train
elevator/sun_actnsqgoqahdbmzl.jpg,4,train
elevator/sun_aobhzcuztndjuwha.jpg,4,train
elevator/sun_aqyauzrvlarexbru.jpg,4,train
elevator/sun_aomsurdakhsdnihq.jpg,4,train
elevator/sun_arxmrnorquditxyx.jpg,4,train
elevator/sun_amciybbxxtokmiho.jpg,4,train
elevator/sun_aewviumjhzujxzqa.jpg,4,train
elevator/sun_akputdkclmjyenrf.jpg,4,train
elevator/sun_adjqsafukmesncav.jpg,4,train
elevator/sun_allihddrvgsgmgnz.jpg,4,train
elevator/sun_aihgvutljuuztats.jpg,4,train
elevator/sun_abvkfmohotbuabih.jpg,4,train
elevator/sun_ahmnpdlpvqvnhmfn.jpg,4,train
elevator/sun_aengzsmykwchlrdn.jpg,4,train
elevator/sun_aitmcqfzitlcujkx.jpg,4,train
elevator/sun_alwxenrxbyfwedip.jpg,4,train
elevator/sun_arwcllogoqkgoopn.jpg,4,train
elevator/sun_aodegrrfbbduakqn.jpg,4,train
elevator/sun_aippxmqqwcgoslvn.jpg,4,train
elevator/sun_abfjbzhulbhdhrqu.jpg,4,train
elevator/sun_akbfnmswpuleflnk.jpg,4,train
elevator/sun_abmwvmkvtlwialrf.jpg,4,train
elevator/sun_aadrobuydsmwjhxz.jpg,4,train
elevator/sun_agebnbbndqxextmq.jpg,4,train
elevator/sun_ajozrlrmvozkogct.jpg,4,train
elevator/sun_ajsbqulfcxrtuofo.jpg,4,train
elevator/sun_arhqtkxbytdzbrog.jpg,4,train
elevator/sun_aqjwuideauyyfyad.jpg,4,train
elevator/sun_apdxsaiwxxcwvrwc.jpg,4,train
elevator/sun_amghxziksrjyuxma.jpg,4,train
elevator/sun_aopyxsahoqlbzqod.jpg,4,train
elevator/sun_akakkmyokwqvipfy.jpg,4,train
elevator/sun_adstcqqhlzssiepu.jpg,4,train
elevator/sun_apsprxlkdgsaldxf.jpg,4,train
elevator/sun_aaxuislzskxfoaff.jpg,4,train
elevator/sun_aaqsyluqbluugqgy.jpg,4,train
elevator/sun_akrucpvmadhvozdb.jpg,4,train
elevator/sun_akcvxhoknclnmywc.jpg,4,train
elevator/sun_arfcechmugxuhcqu.jpg,4,train
elevator/sun_anpmdjwqtcdwsybx.jpg,4,train
elevator/sun_aphkwnlauepividj.jpg,4,train
elevator/sun_agskcugxoeduxdoi.jpg,4,train
elevator/sun_aazrybiwsixsdees.jpg,4,train
elevator/sun_ainjtrgzvwkpfevz.jpg,4,train
elevator/sun_apbwrkitnfvghobn.jpg,4,train
elevator/sun_amqubcfdhglnlfny.jpg,4,train
elevator/sun_acwvdeybidmoehsg.jpg,4,train
elevator/sun_abwhwxxfiummqcix.jpg,4,train
elevator/sun_agkepmegcalzsxra.jpg,4,train
elevator/sun_aossjhritljapxhy.jpg,4,train
elevator/sun_ahdrnewyctszlzon.jpg,4,train
elevator/sun_akdfqtmyfvzvotbf.jpg,4,train
elevator/sun_amvyzgieqllyakod.jpg,4,train
elevator/sun_aenwwwwdcpyekwgo.jpg,4,train
elevator/sun_aefggeelaedkcbmt.jpg,4,train
elevator/sun_aeznjzqbeunptivq.jpg,4,train
elevator/sun_ajmjwrfzevqqetmd.jpg,4,train
elevator/sun_aaudobqlphijkjdv.jpg,4,train
elevator/sun_ajrpxszcjhnqeaiw.jpg,4,train
elevator/sun_advwdtozboxncivv.jpg,4,train
elevator/sun_agfvbcfquefnlwgq.jpg,4,train
elevator/sun_asnmkgolrwfrsqzp.jpg,4,train
elevator/sun_adpknkavyulbibnl.jpg,4,train
elevator/sun_ajiqtmffnnoulefg.jpg,4,train
elevator/sun_aqouuefszydaxzdi.jpg,4,train
elevator/sun_akopdqzmfujkszlk.jpg,4,train
elevator/sun_ahinfkpubqqepser.jpg,4,train
elevator/sun_aacfxczwjbidyntb.jpg,4,train
elevator/sun_asatitzrksmpdbza.jpg,4,train
elevator/sun_aciklzyqrtffkvhv.jpg,4,train
elevator/sun_aavomzeugguflxpa.jpg,4,train
elevator/sun_asenfytsrpomalqd.jpg,4,train
elevator/sun_abyratvvfncydszu.jpg,4,train
elevator/sun_apuxyhbiiuzkzkuj.jpg,4,train
elevator/sun_agbvztgaxsufwpoi.jpg,4,train
elevator/sun_acyhofvyntzflfkz.jpg,4,train
elevator/sun_aeqphbgihntkpdld.jpg,4,train
elevator/sun_apjxjdmpjmmaiuxl.jpg,4,train
elevator/sun_agcmzublxeyoqwmq.jpg,4,train
elevator/sun_agshkoltnrmilxns.jpg,4,train
elevator/sun_arbwqqhltujmyynn.jpg,4,train
elevator/sun_amkrexmzqdcufnah.jpg,4,train
test_elevator/sun_axvkynvewsgmbmnp.jpg,4,test
test_elevator/sun_axntshtoqaunpzvq.jpg,4,test
test_elevator/sun_ateegnoskodwxmww.jpg,4,test
test_elevator/sun_atzhsekytknfthgu.jpg,4,test
test_elevator/sun_aumqjmqmxbuiatji.jpg,4,test
test_elevator/sun_aungxakojlstxfiq.jpg,4,test
test_elevator/sun_ayvbdehaozoefkow.jpg,4,test
test_elevator/sun_awmawbpoowzeummc.jpg,4,test
test_elevator/sun_axwtxlzsoczcmlkv.jpg,4,test
test_elevator/sun_aybzmijlnoqoftkd.jpg,4,test
test_elevator/sun_azbuzftxkdpmdyzm.jpg,4,test
test_elevator/sun_awhouqfrxtkncvfp.jpg,4,test
test_elevator/sun_atjbdlqlluoiijvz.jpg,4,test
test_elevator/sun_aysgwtnvwvtpsllx.jpg,4,test
test_elevator/sun_awengcsmmjerjdfg.jpg,4,test
test_elevator/sun_azmyfbmnrcadcgci.jpg,4,test
test_elevator/sun_avylymqyrpatwlax.jpg,4,test
test_elevator/sun_avstlgptnbytmbbg.jpg,4,test
test_elevator/sun_aumqmiplggjdxcis.jpg,4,test
test_elevator/sun_azcmaawacrojdolw.jpg,4,test
test_elevator/sun_avluwxfpcpbkrwbw.jpg,4,test
test_elevator/sun_auvhogjjudgltdvw.jpg,4,test
test_elevator/sun_aywajaccpzhfjtgi.jpg,4,test
test_elevator/sun_azgksjgpepqrzlnj.jpg,4,test
test_elevator/sun_axlzshxiwbnnpmea.jpg,4,test
test_elevator/sun_azriefcfjolqlzvl.jpg,4,test
test_elevator/sun_awwiiluhjncoteme.jpg,4,test
test_elevator/sun_atqcpxguurfkuhnq.jpg,4,test
test_elevator/sun_asvsxqdosnuwuwbi.jpg,4,test
test_elevator/sun_awfocltctasgbtbm.jpg,4,test
test_elevator/sun_awkckwzlcazcpebc.jpg,4,test
test_elevator/sun_aulywwaausxhlpcq.jpg,4,test
test_elevator/sun_avnvbpopemcpwhef.jpg,4,test
test_elevator/sun_azxuvpvqdbcgpwlx.jpg,4,test
test_elevator/sun_avovwttmnhvazzid.jpg,4,test
test_elevator/sun_awejwvoyrzhcfslx.jpg,4,test
test_elevator/sun_ayolwuepfmywwuxk.jpg,4,test
test_elevator/sun_asxmyoehrucuswad.jpg,4,test
test_elevator/sun_auovcmaprkxplsav.jpg,4,test
forest/sun_atygdjduwnxhysqb.jpg,5,train
forest/sun_aocgycnxfijektms.jpg,5,train
forest/sun_albchstylomchmhd.jpg,5,train
forest/sun_apcxpnykvzomhckt.jpg,5,train
forest/sun_ajvbcrblxuniwjei.jpg,5,train
forest/sun_aqxqzdeqnlrkfuhn.jpg,5,train
forest/sun_aktctitubmiwpsmk.jpg,5,train
forest/sun_adaudabdwnzkdglq.jpg,5,train
forest/sun_aaifkdzmoajrzxqn.jpg,5,train
forest/sun_atjoaxvtrxzrxeaw.jpg,5,train
forest/sun_akguloxechncfnam.jpg,5,train
forest/sun_anomsxkwlhrdnufb.jpg,5,train
forest/sun_aiqzpnwfcnxzbrkh.jpg,5,train
forest/sun_advcclnxfmlvxsxn.jpg,5,train
forest/sun_aeicebghaoidlpeu.jpg,5,train
forest/sun_amvmlilywpagjalf.jpg,5,train
forest/sun_acldfctnbrisxzjh.jpg,5,train
forest/sun_ajrgtewnualfcerj.jpg,5,train
forest/sun_aenzvpidfjbbeifs.jpg,5,train
forest/sun_ahhlccroxiadjixl.jpg,5,train
forest/sun_aanafaqxplcjyuxy.jpg,5,train
forest/sun_awhqearfoticgzwy.jpg,5,train
forest/sun_alztupksqexmgjit.jpg,5,train
forest/sun_aoxgfainbiglwchn.jpg,5,train
forest/sun_abadecjsoottqgbp.jpg,5,train
forest/sun_amzzjrmymdrrpegl.jpg,5,train
forest/sun_ajgxbesgeiwalpxd.jpg,5,train
forest/sun_ajshfbacwbjhknyh.jpg,5,train
forest/sun_apwyvobypzhhernb.jpg,5,train
forest/sun_aitdurlpeewphqqf.jpg,5,train
forest/sun_avmakuxqiwoptewa.jpg,5,train
forest/sun_ahzdudaulglyysji.jpg,5,train
forest/sun_anovysxiyidubdgs.jpg,5,train
forest/sun_amfhxfakcdckrjul.jpg,5,train
forest/sun_adzyotjecdlmjdws.jpg,5,train
forest/sun_auqheriqkrxzruzn.jpg,5,train
forest/sun_alkcxqbxsvkojcdw.jpg,5,train
forest/sun_abriguhrihnxbuzz.jpg,5,train
forest/sun_atqyycnsbjfwybod.jpg,5,train
forest/sun_atmrwrneqsvfgvoh.jpg,5,train
forest/sun_awchwppuydqjifvx.jpg,5,train
forest/sun_adkeovalbkluzeri.jpg,5,train
forest/sun_amvokemrztbrgqth.jpg,5,train
forest/sun_akpxoulufljvagdh.jpg,5,train
forest/sun_apkofvbpiueutjgo.jpg,5,train
forest/sun_arvbnkbvvdcnqdgw.jpg,5,train
forest/sun_apfxmcvujzcxypuq.jpg,5,train
forest/sun_atcdtjouhmsswaei.jpg,5,train
forest/sun_aumicqkpsriqigql.jpg,5,train
forest/sun_anithpynqsbzxojv.jpg,5,train
forest/sun_acfggivnbgypvwex.jpg,5,train
forest/sun_alegcbhcihoqpqly.jpg,5,train
forest/sun_avldsnrntudkzowh.jpg,5,train
forest/sun_akfadmdtlbduiiyc.jpg,5,train
forest/sun_acuholkqaqasmsas.jpg,5,train
forest/sun_arnwmeeknchupwyu.jpg,5,train
forest/sun_aeufjrlyporculfz.jpg,5,train
forest/sun_almbnfrklwqeecfz.jpg,5,train
forest/sun_adwsonzlpbbsppgb.jpg,5,train
forest/sun_ahlzgjopixjmcqqx.jpg,5,train
forest/sun_afhrysfvakkzzgin.jpg,5,train
forest/sun_akuzxstcblvhmomk.jpg,5,train
forest/sun_acivpotgwohctvsc.jpg,5,train
forest/sun_avmxtljknfnpjnbb.jpg,5,train
forest/sun_aqydmedkuzlsybwd.jpg,5,train
forest/sun_athxjgzdzxrovlnc.jpg,5,train
forest/sun_akldfuxketeyqrcr.jpg,5,train
forest/sun_aexffwuthnocapjv.jpg,5,train
forest/sun_apswbydmjvgdlbna.jpg,5,train
forest/sun_acehnjqlajfvhqkc.jpg,5,train
forest/sun_alwbpqvgrcjjlckk.jpg,5,train
forest/sun_areqjhlzczhrspvo.jpg,5,train
forest/sun_ajvjeibhbnedcajb.jpg,5,train
forest/sun_apsmaytmgwwgposu.jpg,5,train
forest/sun_aucxqplfgkjwgjrf.jpg,5,train
forest/sun_avesoizwcqbojcvm.jpg,5,train
forest/sun_aondxtlsklthxtog.jpg,5,train
forest/sun_acpjjvalznkiewzl.jpg,5,train
forest/sun_arepffrwpettjdji.jpg,5,train
forest/sun_ahzxnldgajgrwhyd.jpg,5,train
forest/sun_ajhkipntabiocxbk.jpg,5,train
forest/sun_alsiyapgibjoncnm.jpg,5,train
forest/sun_aalxbocnraukuels.jpg,5,train
forest/sun_aludlpwzaticbdro.jpg,5,train
forest/sun_accvpoocavlmmbwm.jpg,5,train
forest/sun_aobhtfctsxabxsls.jpg,5,train
forest/sun_alrobpkjksbjoxjk.jpg,5,train
forest/sun_arpgdgpfyuexqiuj.jpg,5,train
forest/sun_adcntiquvlfgnhms.jpg,5,train
forest/sun_ahkhfnprzhragqnl.jpg,5,train
forest/sun_aiqymstcygqobxmg.jpg,5,train
forest/sun_afbmmsisxsuvzoqc.jpg,5,train
forest/sun_albfiabtflbsdgtz.jpg,5,train
forest/sun_auftgurtlwlsywxy.jpg,5,train
forest/sun_aimggcqrncrkotzv.jpg,5,train
forest/sun_anubepewjksecwvp.jpg,5,train
forest/sun_aqbakybrzakmanoo.jpg,5,train
forest/sun_aryaqhfgryqrihbd.jpg,5,train
forest/sun_akckbypmzxubxzyf.jpg,5,train
forest/sun_amyhfuvsbaizwnwy.jpg,5,train
test_forest/sun_btkysrxzvsinghev.jpg,5,test
test_forest/sun_bnchiymhhedbygmy.jpg,5,test
test_forest/sun_awibwykupbmnncom.jpg,5,test
test_forest/sun_bbhgjujquztipwcc.jpg,5,test
test_forest/sun_bterounarpffjgta.jpg,5,test
test_forest/sun_bgjrfuxxcwocdmqt.jpg,5,test
test_forest/sun_bgmvpinjmjrumwdx.jpg,5,test
test_forest/sun_axmerrgecmjzepic.jpg,5,test
test_forest/sun_ayfiilekpxjsyguk.jpg,5,test
test_forest/sun_awvhreddaxrljuyh.jpg,5,test
test_forest/sun_bkueaxewlzijtzmy.jpg,5,test
test_forest/sun_bdgzvmxyejtxyllx.jpg,5,test
test_forest/sun_bhuwsjihkzafkbeg.jpg,5,test
test_forest/sun_bticiujonutgirux.jpg,5,test
test_forest/sun_befuxidxagylhqzp.jpg,5,test
test_forest/sun_beqlkzktbsuavozo.jpg,5,test
test_forest/sun_aztaygpgawjvhbjm.jpg,5,test
test_forest/sun_bkjltdxxqottgaag.jpg,5,test
test_forest/sun_btuxytomiyjhaqan.jpg,5,test
test_forest/sun_axgrfkivieqrzqfs.jpg,5,test
test_forest/sun_bshplmqpbgmhiqjw.jpg,5,test
test_forest/sun_beibfzvckgkmxyrr.jpg,5,test
test_forest/sun_bcamcdzyvmwunbep.jpg,5,test
test_forest/sun_azrgkfnpesikiafn.jpg,5,test
test_forest/sun_bjpryaalypkmqtnw.jpg,5,test
test_forest/sun_bnwcytibolwphafx.jpg,5,test
test_forest/sun_blyqzcxyetatvumc.jpg,5,test
test_forest/sun_bjeggrwycdaliwsv.jpg,5,test
test_forest/sun_bghxigcmvqzaztlv.jpg,5,test
test_forest/sun_axznoffzbgavlaei.jpg,5,test
test_forest/sun_bcmeigzeimskjyba.jpg,5,test
test_forest/sun_bjccirusdesbrkui.jpg,5,test
test_forest/sun_bskotbwdkbjtwqon.jpg,5,test
test_forest/sun_bduvvcumwzpjyhkm.jpg,5,test
test_forest/sun_bnurdsjbnskhtucn.jpg,5,test
test_forest/sun_aygdpqwevwznkdqp.jpg,5,test
test_forest/sun_axaiskupvdvcgywi.jpg,5,test
test_forest/sun_ayoxqaveildlyezu.jpg,5,test
test_forest/sun_bglsohqddackbnny.jpg,5,test
test_forest/sun_axwmygvkaamrlwak.jpg,5,test
test_forest/sun_bfmmbekhuebjkdan.jpg,5,test
test_forest/sun_bmmhttzqsdytdpbe.jpg,5,test
test_forest/sun_bpnevcgihrcnnrcr.jpg,5,test
test_forest/sun_bflqztbcwewfcylx.jpg,5,test
test_forest/sun_awjzeisnegwdlmtq.jpg,5,test
test_forest/sun_boynddrhvzuoiypw.jpg,5,test
test_forest/sun_bgrrrlvcogamhmnf.jpg,5,test
test_forest/sun_bagsnphdxapdperf.jpg,5,test
test_forest/sun_brrjyawtgabkbuxp.jpg,5,test
test_forest/sun_bslrghjahsfswxwe.jpg,5,test
kitchen/sun_aavvaxqqsofbaqrz.jpg,6,train
kitchen/sun_aadbddgrdsjugojn.jpg,6,train
kitchen/sun_aanthybrmcimecps.jpg,6,train
kitchen/sun_abjslsjubphrtnmz.jpg,6,train
kitchen/sun_aahgchcjeiajjtzs.jpg,6,train
kitchen/sun_aaeycnkjwmvweywi.jpg,6,train
kitchen/sun_aaxiscknimsjjneb.jpg,6,train
kitchen/sun_aanqwygoahedybnl.jpg,6,train
kitchen/sun_abhfieooonebxjrg.jpg,6,train
kitchen/sun_aaxwgneathocwggm.jpg,6,train
kitchen/sun_aaebjpeispxohmfv.jpg,6,train
kitchen/sun_aaxhazbcsixzxyca.jpg,6,train
kitchen/sun_abeqonkejhjtrtgy.jpg,6,train
kitchen/sun_abcrhkrptkfzolpw.jpg,6,train
kitchen/sun_aaosapfuyeqaxzkj.jpg,6,train
kitchen/sun_aawzwijpmowksmpn.jpg,6,train
kitchen/sun_aaeggavxrhahhhsp.jpg,6,train
kitchen/sun_aafpuhdiynnezfue.jpg,6,train
kitchen/sun_aarrcygkwuzaeiuk.jpg,6,train
kitchen/sun_aapllqyqlykszopd.jpg,6,train
kitchen/sun_aaustmdcrmpnsotk.jpg,6,train
kitchen/sun_abhciiurocosucnf.jpg,6,train
kitchen/sun_aarfjyzjwxufngjn.jpg,6,train
kitchen/sun_aahxnzrpowefyvrp.jpg,6,train
kitchen/sun_aaxzdriovikfcgov.jpg,6,train
kitchen/sun_abksexnhiqaynrtd.jpg,6,train
kitchen/sun_aaqwvmvwjznneezj.jpg,6,train
kitchen/sun_abdxkyyxwfskuaqb.jpg,6,train
kitchen/sun_aaoqsrgxwepdyzdy.jpg,6,train
kitchen/sun_aakvigylgmylhjkh.jpg,6,train
kitchen/sun_aahrhcdovivimmox.jpg,6,train
kitchen/sun_abkllfqbkjnzwiit.jpg,6,train
kitchen/sun_aauyknaheebshrxq.jpg,6,train
kitchen/sun_aasextrkiiugfpvp.jpg,6,train
kitchen/sun_aaqhazmhbhefhakh.jpg,6,train
kitchen/sun_aaxxjlsuzvqlgylf.jpg,6,train
kitchen/sun_ablqpemsnuwzehvv.jpg,6,train
kitchen/sun_aalrsaxeqqthtwnd.jpg,6,train
kitchen/sun_aakgpuecpfzpobqy.jpg,6,train
kitchen/sun_aazqqvqrigwzykdp.jpg,6,train
kitchen/sun_abftihopvusyfakt.jpg,6,train
kitchen/sun_abjxgkjetttptkrf.jpg,6,train
kitchen/sun_abenqoeveajkfutc.jpg,6,train
kitchen/sun_abdenxonkemggwsq.jpg,6,train
kitchen/sun_abjllhhfuvcygwtk.jpg,6,train
kitchen/sun_aaytkejeysyxtnbo.jpg,6,train
kitchen/sun_abdzsryntppucwqi.jpg,6,train
kitchen/sun_abiegsjfrtrfdmas.jpg,6,train
kitchen/sun_aawefvrbscajixha.jpg,6,train
kitchen/sun_abjztzybzqmdlmsx.jpg,6,train
kitchen/sun_aaofphpvkeqlhwgu.jpg,6,train
kitchen/sun_abplyqswnymoowdc.jpg,6,train
kitchen/sun_aavzagnbsbymxlyh.jpg,6,train
kitchen/sun_aajtnvzzpsjdzres.jpg,6,train
kitchen/sun_aawsixgpgwqanatu.jpg,6,train
kitchen/sun_abntrinbqbsqoowj.jpg,6,train
kitchen/sun_aalvhwdpyoipnzzy.jpg,6,train
kitchen/sun_aaatkmnywzopvrpq.jpg,6,train
kitchen/sun_aawsqxnvbdihsyfk.jpg,6,train
kitchen/sun_aamjqvjnuxklyagf.jpg,6,train
kitchen/sun_aaevfnfhjudhbvxh.jpg,6,train
kitchen/sun_abgopzxerqocaeox.jpg,6,train
kitchen/sun_aasrijyoegixtkdf.jpg,6,train
kitchen/sun_aaktvzxuzcrholrn.jpg,6,train
kitchen/sun_abpwyqmlzafvklqo.jpg,6,train
kitchen/sun_abfxpyvmghjuoery.jpg,6,train
kitchen/sun_aajnubwzelxjzhxh.jpg,6,train
kitchen/sun_abhsfpzcpzqhdoxa.jpg,6,train
kitchen/sun_aatcxjrhafurspvj.jpg,6,train
kitchen/sun_aargqoyvvsvylmht.jpg,6,train
kitchen/sun_aaszvkbutanmxnsb.jpg,6,train
kitchen/sun_aapxtqxqddghwgdr.jpg,6,train
kitchen/sun_aarfiyshqohlwkmo.jpg,6,train
kitchen/sun_aaedkdzalmgthmau.jpg,6,train
kitchen/sun_aanbmbnyyowsobsg.jpg,6,train
kitchen/sun_abkdszjmterwgxgk.jpg,6,train
kitchen/sun_abqihmfbiddwtcmz.jpg,6,train
kitchen/sun_aaqawxqotnzysend.jpg,6,train
kitchen/sun_aboxnoumqvfifqfb.jpg,6,train
kitchen/sun_aatkychuxedelnrh.jpg,6,train
kitchen/sun_abeeydmubnzqmbax.jpg,6,train
kitchen/sun_aasmevtpkslccptd.jpg,6,train
kitchen/sun_aalbtweelhmqylnb.jpg,6,train
kitchen/sun_abpdoqdjxnjnftrm.jpg,6,train
kitchen/sun_aaesgnhzvszupuvo.jpg,6,train
kitchen/sun_aahyfqarmjfribbj.jpg,6,train
kitchen/sun_aamedkxepzlwuxes.jpg,6,train
kitchen/sun_aanpsytlewbiyypw.jpg,6,train
kitchen/sun_aawuissohskzaweh.jpg,6,train
kitchen/sun_aahutlxpfsmsmmqi.jpg,6,train
kitchen/sun_aakdxfbroywdvzac.jpg,6,train
kitchen/sun_abgovsbwwyozjdzp.jpg,6,train
kitchen/sun_aaslbwtcdcwjukuo.jpg,6,train
kitchen/sun_abnipsthatveonrh.jpg,6,train
kitchen/sun_abixkuxvvdkbvaio.jpg,6,train
kitchen/sun_aaytdlcupysxijma.jpg,6,train
kitchen/sun_abkpqqbuuvmwwwje.jpg,6,train
kitchen/sun_abozghcfrwsbxvpi.jpg,6,train
kitchen/sun_abojfnhnriktbvha.jpg,6,train
kitchen/sun_abfhiynbwmnbubmd.jpg,6,train
test_kitchen/sun_acfluyeqiftljamq.jpg,6,test
test_kitchen/sun_accunnhjzahbwxkm.jpg,6,test
test_kitchen/sun_abxcngdqbxidvkcs.jpg,6,test
test_kitchen/sun_accartsjpvggqnss.jpg,6,test
test_kitchen/sun_abrhpazvtygrpabg.jpg,6,test
test_kitchen/sun_acdlgczjpwkeuvgy.jpg,6,test
test_kitchen/sun_abrdgxygavznleov.jpg,6,test
test_kitchen/sun_abujclohwuaugvev.jpg,6,test
test_kitchen/sun_acgilwmyulcwzknd.jpg,6,test
test_kitchen/sun_abxcbboqmegyjmav.jpg,6,test
test_kitchen/sun_abrqmjxbzdfuepbb.jpg,6,test
test_kitchen/sun_acbqgkshhrjydwgw.jpg,6,test
test_kitchen/sun_abyobfjwqslfgioi.jpg,6,test
test_kitchen/sun_acbpmjeecxukngkc.jpg,6,test
test_kitchen/sun_abzelwwlipqertyf.jpg,6,test
test_kitchen/sun_acbwsdvfpdealaws.jpg,6,test
test_kitchen/sun_acfmftudsenhrfhy.jpg,6,test
test_kitchen/sun_abqnjuqxnibcrktc.jpg,6,test
test_kitchen/sun_abvefvntluoxopow.jpg,6,test
test_kitchen/sun_abykmfxuvnluzbye.jpg,6,test
test_kitchen/sun_abuieswzsgumckve.jpg,6,test
test_kitchen/sun_acdnvcmjkmswfyyt.jpg,6,test
test_kitchen/sun_accreawivrzlvqyc.jpg,6,test
test_kitchen/sun_acanymwuahbpvrym.jpg,6,test
test_kitchen/sun_abxuqzaocbnytygn.jpg,6,test
test_kitchen/sun_abxkzyveixihrdgk.jpg,6,test
test_kitchen/sun_abzwmthkfhyiujlb.jpg,6,test
test_kitchen/sun_abwmcikivdikjerb.jpg,6,test
test_kitchen/sun_accpaomyeqmcvkyj.jpg,6,test
test_kitchen/sun_abubevclcmcjqgae.jpg,6,test
test_kitchen/sun_abxwwlghaoevrvij.jpg,6,test
test_kitchen/sun_absqagjbuzuvhboj.jpg,6,test
test_kitchen/sun_abqzmgxngzzcjoax.jpg,6,test
test_kitchen/sun_acgdjlmiodoklwyl.jpg,6,test
test_kitchen/sun_acbzdfrknibsikoo.jpg,6,test
test_kitchen/sun_acbjufqreswqovdf.jpg,6,test
test_kitchen/sun_abqsxcyxnovlihxy.jpg,6,test
test_kitchen/sun_abrcnpqqhmjwekyf.jpg,6,test
test_kitchen/sun_abwmjfnrmqjdltxn.jpg,6,test
test_kitchen/sun_abubjfcvxrqjnbav.jpg,6,test
test_kitchen/sun_acbusmoubediabuo.jpg,6,test
test_kitchen/sun_abwkecxdrvamjxlk.jpg,6,test
test_kitchen/sun_abrnurmopsgqkxvn.jpg,6,test
test_kitchen/sun_abzcxijjgmhnhesk.jpg,6,test
test_kitchen/sun_abrxiuwtkjztdnzi.jpg,6,test
test_kitchen/sun_acbvicplscwnpfws.jpg,6,test
test_kitchen/sun_abxisdvxdactrmfe.jpg,6,test
test_kitchen/sun_abtdlltafvpypcff.jpg,6,test
test_kitchen/sun_abzvbtecrppovubu.jpg,6,test
test_kitchen/sun_abvctdwfbgsumtid.jpg,6,test
lake/sun_aecgeleeanzpeqmx.jpg,7,train
lake/sun_agfsugydkpiswodp.jpg,7,train
lake/sun_aprsgtcazbqqcmis.jpg,7,train
lake/sun_adzovlqpmagacmva.jpg,7,train
lake/sun_adckircpnymaskzh.jpg,7,train
lake/sun_aekzqvcksvledpjs.jpg,7,train
lake/sun_adjrurwcmrwwwkdw.jpg,7,train
lake/sun_apxxiatsuenviihb.jpg,7,train
lake/sun_ajmkezjvexglechi.jpg,7,train
lake/sun_ailbrvmadbakikgm.jpg,7,train
lake/sun_aoikosjowjxkztio.jpg,7,train
lake/sun_apewwxtzsptjtuso.jpg,7,train
lake/sun_aoqtklcdmhqkyilw.jpg,7,train
lake/sun_aafblbfkfftldfxp.jpg,7,train
lake/sun_aazzlvuzfzxouoia.jpg,7,train
lake/sun_anogsgfsqrrnqmha.jpg,7,train
lake/sun_aplvammjpaxzkfse.jpg,7,train
lake/sun_allmuhmcrmmlhbpv.jpg,7,train
lake/sun_amsxxjxupzbpyfqc.jpg,7,train
lake/sun_ahokinukikkbolsv.jpg,7,train
lake/sun_amyfrjfsypqohzav.jpg,7,train
lake/sun_ahdhbbgjgvzpfwkf.jpg,7,train
lake/sun_ahvupzuyigjjxwhj.jpg,7,train
lake/sun_aoskolsljsnaxmsq.jpg,7,train
lake/sun_ajxmxsivknkfzmfd.jpg,7,train
lake/sun_aapgwjkokppxxegh.jpg,7,train
lake/sun_aglmlgzchfknschp.jpg,7,train
lake/sun_ajvtkvxovygnewot.jpg,7,train
lake/sun_ahyoogrrcrzvqruj.jpg,7,train
lake/sun_abkmqplqwuczdpnk.jpg,7,train
lake/sun_apaohdkywaqotxom.jpg,7,train
lake/sun_akjahwymitufskvp.jpg,7,train
lake/sun_alvdzuwuepdnzjiq.jpg,7,train
lake/sun_agqkmpgtfsykydsz.jpg,7,train
lake/sun_aeozynibmrcjhtty.jpg,7,train
lake/sun_agsbtxwcxjmbhtqn.jpg,7,train
lake/sun_apdwomuqytvsvyhu.jpg,7,train
lake/sun_aqeeumlhaoddewfa.jpg,7,train
lake/sun_aqcyuueyurrtyokb.jpg,7,train
lake/sun_anyixpbgsjttqrad.jpg,7,train
lake/sun_aeywjmheiikiagxw.jpg,7,train
lake/sun_acgqrysmhvkbzwyo.jpg,7,train
lake/sun_amhxuwgpfgwhmiis.jpg,7,train
lake/sun_anhtseyzijktnfvs.jpg,7,train
lake/sun_anulfarlvylcbpok.jpg,7,train
lake/sun_abmbbhlrtgauxrgj.jpg,7,train
lake/sun_aackkibslwddpycb.jpg,7,train
lake/sun_agbyitmuhwkkcdvw.jpg,7,train
lake/sun_aiqzypdzyakvxbfr.jpg,7,train
lake/sun_alkjhlciyndwutgg.jpg,7,train
lake/sun_ajiqpzbaximkkxox.jpg,7,train
lake/sun_aqmdqbpihoqmuwgz.jpg,7,train
lake/sun_aolapiibkaggdqpl.jpg,7,train
lake/sun_aermzsgymwllgwbp.jpg,7,train
lake/sun_albmyoplfwiguoqs.jpg,7,train
lake/sun_aaquttcuxwjcswwz.jpg,7,train
lake/sun_aktpjinoibmhwnho.jpg,7,train
lake/sun_anypncvcngxkbnfz.jpg,7,train
lake/sun_anpyjbrcltsmcmnj.jpg,7,train
lake/sun_abucccknkaybwcbv.jpg,7,train
lake/sun_aidibepewdkrtcep.jpg,7,train
lake/sun_aidpdrzdkvypyulr.jpg,7,train
lake/sun_acsscpejbsdcnbcu.jpg,7,train
lake/sun_anziwunuuhekxuqj.jpg,7,train
lake/sun_aadneptrbqhkzwag.jpg,7,train
lake/sun_apprkqiikepbfmuk.jpg,7,train
lake/sun_ahconbuoanbzezuh.jpg,7,train
lake/sun_agqnaqaigkgpfvia.jpg,7,train
lake/sun_allyrcavvjuunsck.jpg,7,train
lake/sun_akrhbwpblldfacdi.jpg,7,train
lake/sun_afrzsalfifdygzxg.jpg,7,train
lake/sun_apsdrfheyojjdnfh.jpg,7,train
lake/sun_aovleumwusplcnph.jpg,7,train
lake/sun_ahicqlosrtuxhkgf.jpg,7,train
lake/sun_akmdifnwbsrphshe.jpg,7,train
lake/sun_annbelexqbhuwvxp.jpg,7,train
lake/sun_aamfjaaldpjwzuma.jpg,7,train
lake/sun_aalkyvkoqgeannrq.jpg,7,train
lake/sun_aauvlpazdvegqpsx.jpg,7,train
lake/sun_anwqlrkgypvtxleo.jpg,7,train
lake/sun_alsgmoshzvmndrui.jpg,7,train
lake/sun_aniklgtqehhkmkze.jpg,7,train
lake/sun_aheudpcfssddyuik.jpg,7,train
lake/sun_agdbqrwoyiuhkrcq.jpg,7,train
lake/sun_adpnqovzckyikrjo.jpg,7,train
lake/sun_adgjtmxsrbuxedbl.jpg,7,train
lake/sun_adwyxkjyvovsyfxh.jpg,7,train
lake/sun_alaypuvtshbsmcjs.jpg,7,train
lake/sun_aliffdbpuityevxn.jpg,7,train
lake/sun_apfkcubsavuswgsy.jpg,7,train
lake/sun_alfakuvowrunxhdw.jpg,7,train
lake/sun_acgkhijhiseyoafd.jpg,7,train
lake/sun_ajuenbisijqlwits.jpg,7,train
lake/sun_alkkozbarebzsvyv.jpg,7,train
lake/sun_aiggszjustzzrmmu.jpg,7,train
lake/sun_aevfxnytbogyuawg.jpg,7,train
lake/sun_aimobdamklpnaqqd.jpg,7,train
lake/sun_almtlozolzvhudvw.jpg,7,train
lake/sun_aezatczqszioygls.jpg,7,train
lake/sun_ajvrmvgzwjyoymxk.jpg,7,train
test_lake/sun_auhihtbsylsxsylt.jpg,7,test
test_lake/sun_axazhwizixdqnmya.jpg,7,test
test_lake/sun_aurxyxctwegniekc.jpg,7,test
test_lake/sun_axekmkgteigeixpj.jpg,7,test
test_lake/sun_azoppdlasvcwmmcb.jpg,7,test
test_lake/sun_avwymkuzpvjyhzsi.jpg,7,test
test_lake/sun_astfioqxvgxjlbqz.jpg,7,test
test_lake/sun_axbhrujpcypzkuiv.jpg,7,test
test_lake/sun_augbwsnxnnytbbef.jpg,7,test
test_lake/sun_aulpluuvzuyrcrce.jpg,7,test
test_lake/sun_aquaqtngchyfiilr.jpg,7,test
test_lake/sun_asvqshfqcbfycqly.jpg,7,test
test_lake/sun_axcupojuplzolvly.jpg,7,test
test_lake/sun_azoehynriueneeut.jpg,7,test
test_lake/sun_aspykibkfdfksbxh.jpg,7,test
test_lake/sun_axbsstrjsiduwndr.jpg,7,test
test_lake/sun_aszpkvyllgdvyahw.jpg,7,test
test_lake/sun_aulcrsuwrcyasarx.jpg,7,test
test_lake/sun_azjfghpnhjwvkeyh.jpg,7,test
test_lake/sun_ayysybihkqeukoac.jpg,7,test
test_lake/sun_ardpcjdpfhimkpdv.jpg,7,test
test_lake/sun_awadptspthbbyznr.jpg,7,test
test_lake/sun_avspxxxkortcioah.jpg,7,test
test_lake/sun_asqxlicnrdwrgfeu.jpg,7,test
test_lake/sun_arkltvatcgcorxwq.jpg,7,test
test_lake/sun_axxpadewnexfqhav.jpg,7,test
test_lake/sun_auuxrjrlhtajcpzh.jpg,7,test
test_lake/sun_auenrylwaicsjhfw.jpg,7,test
test_lake/sun_axgcjteqtqkaukhp.jpg,7,test
test_lake/sun_atiskyhzjjbubdjt.jpg,7,test
test_lake/sun_attutofqjfuamyon.jpg,7,test
test_lake/sun_ayulsueazkzcibcx.jpg,7,test
test_lake/sun_axpntiyarwopuknf.jpg,7,test
test_lake/sun_avsyvgmfljqtptmu.jpg,7,test
test_lake/sun_asjykgigfzcqfruu.jpg,7,test
test_lake/sun_arefwsczmyaoyaso.jpg,7,test
test_lake/sun_axqootouxyyyxrei.jpg,7,test
test_lake/sun_avyvuodyzgegylua.jpg,7,test
test_lake/sun_asdwpwunuqnpwhlf.jpg,7,test
test_lake/sun_avstmvyowttegwie.jpg,7,test
test_lake/sun_arovdqmlztwfvqze.jpg,7,test
test_lake/sun_avbdzkswapneahnf.jpg,7,test
test_lake/sun_awwcucljfvieiinw.jpg,7,test
test_lake/sun_awoeunajsqnyjwkq.jpg,7,test
test_lake/sun_asbneeqxrywdonrj.jpg,7,test
test_lake/sun_awydsikxsxkaerap.jpg,7,test
test_lake/sun_asnggmwhajcdrmyp.jpg,7,test
test_lake/sun_asmmcxdddtmtazwx.jpg,7,test
test_lake/sun_aypxlxttyavbgrmu.jpg,7,test
test_lake/sun_ayinqargikgjdpit.jpg,7,test
swimming_pool/sun_afxjaodtijqaiitk.jpg,8,train
swimming_pool/sun_aafwfgrzzmbgomzq.jpg,8,train
swimming_pool/sun_aikqfvaqcppsnmyw.jpg,8,train
swimming_pool/sun_amwyyqthcnuuxfer.jpg,8,train
swimming_pool/sun_akflfmspneaocccv.jpg,8,train
swimming_pool/sun_amgrnggvxfhorejo.jpg,8,train
swimming_pool/sun_abrkqpeueiqaload.jpg,8,train
swimming_pool/sun_amlkcetusrgrucvx.jpg,8,train
swimming_pool/sun_agjacrhgibhfabif.jpg,8,train
swimming_pool/sun_abwrugkhuspqyclh.jpg,8,train
swimming_pool/sun_aarpitgaqccdrqzm.jpg,8,train
swimming_pool/sun_ajporfnwqfpbobrx.jpg,8,train
swimming_pool/sun_agmwznktizgkpbon.jpg,8,train
swimming_pool/sun_adndqnljelnwwzjt.jpg,8,train
swimming_pool/sun_amezldtlgjwolyoe.jpg,8,train
swimming_pool/sun_alzbjfzxieqmkfyf.jpg,8,train
swimming_pool/sun_afwfnytrxyfaehom.jpg,8,train
swimming_pool/sun_aidrcpbimcjsduxe.jpg,8,train
swimming_pool/sun_anarezeidrtedlwm.jpg,8,train
swimming_pool/sun_acqlgijflpvmztcy.jpg,8,train
swimming_pool/sun_afbtwphtfwfswzds.jpg,8,train
swimming_pool/sun_aodlzeeyzuqfckaw.jpg,8,train
swimming_pool/sun_andhqmvcysfgauxw.jpg,8,train
swimming_pool/sun_ackvyrdipmhbnyvu.jpg,8,train
swimming_pool/sun_agmldforlncqldit.jpg,8,train
swimming_pool/sun_ahclzmwlgbdauram.jpg,8,train
swimming_pool/sun_aglfrpbjfohyqopo.jpg,8,train
swimming_pool/sun_aiiyiwourixskocx.jpg,8,train
swimming_pool/sun_ahvaxueluenbfzis.jpg,8,train
swimming_pool/sun_aatmnjuzmhrjdlev.jpg,8,train
swimming_pool/sun_amxldfzhkgpexnnx.jpg,8,train
swimming_pool/sun_acahggjtopcbrlik.jpg,8,train
swimming_pool/sun_aakbgmwnqcsjoqvm.jpg,8,train
swimming_pool/sun_aofoosilrvsfwkzu.jpg,8,train
swimming_pool/sun_aalrsetrdyqrnugc.jpg,8,train
swimming_pool/sun_aindjzlbotgsvshz.jpg,8,train
swimming_pool/sun_ajpynvttdfqtqmhu.jpg,8,train
swimming_pool/sun_aokqlicmjcpdmupe.jpg,8,train
swimming_pool/sun_abhvpxkjgmrdgiss.jpg,8,train
swimming_pool/sun_acuiombphyqimukb.jpg,8,train
swimming_pool/sun_alsetzitdgdpdamg.jpg,8,train
swimming_pool/sun_aiasiffwmpmjxjif.jpg,8,train
swimming_pool/sun_ajuglgpzkfpsaswt.jpg,8,train
swimming_pool/sun_aaglxrbuvadghgjw.jpg,8,train
swimming_pool/sun_anojwfaontgsdyrt.jpg,8,train
swimming_pool/sun_aatsiqxkcktsjozi.jpg,8,train
swimming_pool/sun_ahzikhlbkeztyjxb.jpg,8,train
swimming_pool/sun_aniumwgndajmhnbg.jpg,8,train
swimming_pool/sun_acphjcnxeccfbqra.jpg,8,train
swimming_pool/sun_aljaktegcuuukzwz.jpg,8,train
swimming_pool/sun_afhqbfmutlgifovk.jpg,8,train
swimming_pool/sun_aohyshcttpnahvzn.jpg,8,train
swimming_pool/sun_aldjhagqqwuzxcxv.jpg,8,train
swimming_pool/sun_agitoitahmsefyog.jpg,8,train
swimming_pool/sun_aluqosjjqeavdjkh.jpg,8,train
swimming_pool/sun_acmiadrunttvzeax.jpg,8,train
swimming_pool/sun_amqdvhnbkecsibrq.jpg,8,train
swimming_pool/sun_alhcpywsvqnifpfv.jpg,8,train
swimming_pool/sun_aiyrisphbhzntugb.jpg,8,train
swimming_pool/sun_aknbyvoloutgvlod.jpg,8,train
swimming_pool/sun_aaggbnfklycrndle.jpg,8,train
swimming_pool/sun_akspuxuprmycjbzx.jpg,8,train
swimming_pool/sun_adccmmavfxxmnmfs.jpg,8,train
swimming_pool/sun_ahrvexvngmggytcc.jpg,8,train
swimming_pool/sun_aljukwkfhivhrbpb.jpg,8,train
swimming_pool/sun_agarqfvpdlnciqvn.jpg,8,train
swimming_pool/sun_abojdscvsfpfbmxn.jpg,8,train
swimming_pool/sun_adtyyaoexlxvqnxg.jpg,8,train
swimming_pool/sun_aeytsqiceilexksn.jpg,8,train
swimming_pool/sun_aeeemopgwbcwpqdq.jpg,8,train
swimming_pool/sun_amowdiwrghbmgkqk.jpg,8,train
swimming_pool/sun_ajbklgskhezxevtf.jpg,8,train
swimming_pool/sun_afwchlgtkjovxnsq.jpg,8,train
swimming_pool/sun_aavzdmwwannywmad.jpg,8,train
swimming_pool/sun_acqrlqwmenonyixg.jpg,8,train
swimming_pool/sun_ahtsfnfeqafftcir.jpg,8,train
swimming_pool/sun_ahpidtbdojjzpdhn.jpg,8,train
swimming_pool/sun_amqmvvgufvyadruz.jpg,8,train
swimming_pool/sun_alqpzwmbzdpjgqpf.jpg,8,train
swimming_pool/sun_afgejtcvskvpnlqz.jpg,8,train
swimming_pool/sun_aaobwbvppqxuooun.jpg,8,train
swimming_pool/sun_advhcaufilhdkqnk.jpg,8,train
swimming_pool/sun_acdkakahxxmayjkn.jpg,8,train
swimming_pool/sun_aifssaixfvahwicc.jpg,8,train
swimming_pool/sun_acrsmbvsztrfwzww.jpg,8,train
swimming_pool/sun_agayhthinkbwzzbh.jpg,8,train
swimming_pool/sun_aavifydykfpvqncy.jpg,8,train
swimming_pool/sun_aoefohwikhbbzlyb.jpg,8,train
swimming_pool/sun_ailonzbdcnoigsgy.jpg,8,train
swimming_pool/sun_afhohjmerhcpossb.jpg,8,train
swimming_pool/sun_abyodschvtqpcsdd.jpg,8,train
swimming_pool/sun_abwcdukejkgacdzj.jpg,8,train
swimming_pool/sun_acdaskodgxxlqdln.jpg,8,train
swimming_pool/sun_afaieysrphdbcxkx.jpg,8,train
swimming_pool/sun_abystjbnjiuoayeh.jpg,8,train
swimming_pool/sun_aeqpdpcjkakoseer.jpg,8,train
swimming_pool/sun_agceimzawzeklwkl.jpg,8,train
swimming_pool/sun_aemuvpbhaxncovud.jpg,8,train
swimming_pool/sun_aafzctovpqzxxbpo.jpg,8,train
swimming_pool/sun_aexajrnwmajrrmgb.jpg,8,train
test_swimming_pool/sun_atpkkxckynkiqvqp.jpg,8,test
test_swimming_pool/sun_asdoadodeirkhotm.jpg,8,test
test_swimming_pool/sun_apjxcbvshpwmniss.jpg,8,test
test_swimming_pool/sun_ataklfpyktctvfft.jpg,8,test
test_swimming_pool/sun_aspceroznuxmtrom.jpg,8,test
test_swimming_pool/sun_artbloxxzplrmfph.jpg,8,test
test_swimming_pool/sun_arzqoqbanrbadwig.jpg,8,test
test_swimming_pool/sun_apgptyjeaewlwclg.jpg,8,test
test_swimming_pool/sun_atvkoonyvknogrrl.jpg,8,test
test_swimming_pool/sun_ashqodklgyztkdvq.jpg,8,test
test_swimming_pool/sun_arvktnzgujfljfwk.jpg,8,test
test_swimming_pool/sun_aoyvjxoglxxyxegy.jpg,8,test
test_swimming_pool/sun_atbytpozobkcsfja.jpg,8,test
test_swimming_pool/sun_aregtesajjidxfnm.jpg,8,test
test_swimming_pool/sun_apzkdjlyjqnttcav.jpg,8,test
test_swimming_pool/sun_aumcnhplpwzkhbag.jpg,8,test
test_swimming_pool/sun_atrbitpfsffxkcuz.jpg,8,test
test_swimming_pool/sun_aqmvxmjkbkzepzsk.jpg,8,test
test_swimming_pool/sun_arvbbsjyfkiizala.jpg,8,test
test_swimming_pool/sun_audxwvkoxwypfztt.jpg,8,test
test_swimming_pool/sun_aoqwbufqaquldipn.jpg,8,test
test_swimming_pool/sun_apkathblcblsmspn.jpg,8,test
test_swimming_pool/sun_aswgcejhkrahpezj.jpg,8,test
test_swimming_pool/sun_atmudavypgvjpnhk.jpg,8,test
test_swimming_pool/sun_atqvndqcwrqfpcod.jpg,8,test
test_swimming_pool/sun_asmblpttlurlxvzq.jpg,8,test
test_swimming_pool/sun_asupqmyqdruykqic.jpg,8,test
test_swimming_pool/sun_atxhzokcfalfiicw.jpg,8,test
test_swimming_pool/sun_aqiisefwdmavwurl.jpg,8,test
test_swimming_pool/sun_astrhnaxddmzxgvo.jpg,8,test
test_swimming_pool/sun_apkauyfoottmfayn.jpg,8,test
test_swimming_pool/sun_apztntumohleiktq.jpg,8,test
test_swimming_pool/sun_arghryljkevsqjpf.jpg,8,test
test_swimming_pool/sun_aucuoczjtnjfrjha.jpg,8,test
test_swimming_pool/sun_ategeivuzuazikgj.jpg,8,test
test_swimming_pool/sun_aslrtxzcdlvqkxwp.jpg,8,test
test_swimming_pool/sun_asriehcsnjazrsuw.jpg,8,test
test_swimming_pool/sun_auicseiolekhmzgb.jpg,8,test
test_swimming_pool/sun_augogcewfdmhcxiz.jpg,8,test
test_swimming_pool/sun_apcearxpwswvxfwz.jpg,8,test
test_swimming_pool/sun_asebkixpukthlmyi.jpg,8,test
test_swimming_pool/sun_aqqepkveuisyqvrm.jpg,8,test
test_swimming_pool/sun_asalsjteijbeqcfs.jpg,8,test
test_swimming_pool/sun_aqtzdpymydsqkffh.jpg,8,test
test_swimming_pool/sun_apaobcplpazrgicz.jpg,8,test
test_swimming_pool/sun_aphfevguqwvvwcga.jpg,8,test
test_swimming_pool/sun_argurqefwzwzugxb.jpg,8,test
test_swimming_pool/sun_aqyuhsnqbqncjkha.jpg,8,test
test_swimming_pool/sun_aszmnjhasntxygja.jpg,8,test
test_swimming_pool/sun_asrpsfuvejzhaitm.jpg,8,test
